"06 Jan 2014 12:53:22","C:\DATA\TaylorMade\tmt\application\config\constants.php:63","(Notice) Constant TMT_HTTP already defined"
"06 Jan 2014 12:53:23","C:\DATA\TaylorMade\tmt\application\config\constants.php:63","(Notice) Constant TMT_HTTP already defined"
"06 Jan 2014 12:53:24","C:\DATA\TaylorMade\tmt\application\config\constants.php:63","(Notice) Constant TMT_HTTP already defined"
"06 Jan 2014 12:53:26","C:\DATA\TaylorMade\tmt\application\config\constants.php:63","(Notice) Constant TMT_HTTP already defined"
"06 Jan 2014 12:53:28","C:\DATA\TaylorMade\tmt\application\config\constants.php:63","(Notice) Constant TMT_HTTP already defined"
"06 Jan 2014 12:53:28","C:\DATA\TaylorMade\tmt\application\config\constants.php:63","(Notice) Constant TMT_HTTP already defined"
"06 Jan 2014 12:53:33","C:\DATA\TaylorMade\tmt\application\config\constants.php:63","(Notice) Constant TMT_HTTP already defined"
"06 Jan 2014 12:53:35","C:\DATA\TaylorMade\tmt\application\config\constants.php:63","(Notice) Constant TMT_HTTP already defined"
"06 Jan 2014 12:53:36","C:\DATA\TaylorMade\tmt\application\config\constants.php:63","(Notice) Constant TMT_HTTP already defined"
"06 Jan 2014 12:53:38","C:\DATA\TaylorMade\tmt\application\config\constants.php:63","(Notice) Constant TMT_HTTP already defined"
"06 Jan 2014 13:01:41","C:\DATA\TaylorMade\tmt\application\config\constants.php:63","(Notice) Constant TMT_HTTP already defined"
"06 Jan 2014 13:01:42","C:\DATA\TaylorMade\tmt\application\config\constants.php:63","(Notice) Constant TMT_HTTP already defined"
"06 Jan 2014 13:01:47","C:\DATA\TaylorMade\tmt\application\config\constants.php:63","(Notice) Constant TMT_HTTP already defined"
"06 Jan 2014 13:01:47","C:\DATA\TaylorMade\tmt\application\config\constants.php:63","(Notice) Constant TMT_HTTP already defined"
"06 Jan 2014 13:02:05","C:\DATA\TaylorMade\tmt\application\config\constants.php:63","(Notice) Constant TMT_HTTP already defined"
"06 Jan 2014 13:02:05","C:\DATA\TaylorMade\tmt\application\config\constants.php:63","(Notice) Constant TMT_HTTP already defined"
"06 Jan 2014 13:02:13","C:\DATA\TaylorMade\tmt\application\config\constants.php:63","(Notice) Constant TMT_HTTP already defined"
"06 Jan 2014 13:02:13","C:\DATA\TaylorMade\tmt\application\config\constants.php:63","(Notice) Constant TMT_HTTP already defined"
"06 Jan 2014 13:02:22","C:\DATA\TaylorMade\tmt\application\config\constants.php:63","(Notice) Constant TMT_HTTP already defined"
"06 Jan 2014 13:02:22","C:\DATA\TaylorMade\tmt\application\config\constants.php:63","(Notice) Constant TMT_HTTP already defined"
"06 Jan 2014 13:02:27","C:\DATA\TaylorMade\tmt\application\config\constants.php:63","(Notice) Constant TMT_HTTP already defined"
"06 Jan 2014 13:02:29","C:\DATA\TaylorMade\tmt\application\config\constants.php:63","(Notice) Constant TMT_HTTP already defined"
"06 Jan 2014 13:02:29","C:\DATA\TaylorMade\tmt\application\config\constants.php:63","(Notice) Constant TMT_HTTP already defined"
"06 Jan 2014 13:02:29","C:\DATA\TaylorMade\tmt\application\config\constants.php:63","(Notice) Constant TMT_HTTP already defined"
"06 Jan 2014 13:02:35","C:\DATA\TaylorMade\tmt\application\config\constants.php:63","(Notice) Constant TMT_HTTP already defined"
"06 Jan 2014 13:03:29","C:\DATA\TaylorMade\tmt\application\config\constants.php:63","(Notice) Constant TMT_HTTP already defined"
"06 Jan 2014 13:03:31","C:\DATA\TaylorMade\tmt\application\config\constants.php:63","(Notice) Constant TMT_HTTP already defined"
"06 Jan 2014 13:03:31","C:\DATA\TaylorMade\tmt\application\config\constants.php:63","(Notice) Constant TMT_HTTP already defined"
"06 Jan 2014 13:03:36","C:\DATA\TaylorMade\tmt\application\config\constants.php:63","(Notice) Constant TMT_HTTP already defined"
"06 Jan 2014 13:04:40","C:\DATA\TaylorMade\tmt\application\config\constants.php:63","(Notice) Constant TMT_HTTP already defined"
